player.name,player.id,team.name,goals,expectedGoals,successfulDribbles,tackles,assists,accuratePassesPercentage,bigChancesMissed,totalShots,goalConversionPercentage,interceptions,clearances,errorLeadToGoal,bigChancesCreated,accuratePasses,keyPasses,saves,cleanSheet,penaltySave,savedShotsFromInsideTheBox,runsOut,rating
Rodri,827606,Manchester City,8,4.07,42,70,9,92.46,2,62,12.9,26,40,1,8,3359,50,0,11,0,0,0,8.01
Arijanet Murić,888971,Burnley,0,,0,1,0,67.49,0,0,0,0,14,2,1,355,4,64,0,1,42,17,8
Kevin De Bruyne,70996,Manchester City,4,2.41,10,14,10,83.83,1,44,9.09,4,4,0,21,674,59,0,1,0,0,0,7.93
Phil Foden,859765,Manchester City,19,10.34,47,31,8,89.1,7,105,18.1,13,16,0,10,1488,73,0,8,0,0,0,7.79
Bruno Fernandes,288205,Manchester United,10,10.01,19,68,8,79.38,7,95,10.53,27,47,0,21,1517,116,0,7,0,0,0,7.75
Michael Olise,978838,Crystal Palace,10,5.51,40,19,6,83.09,3,57,17.54,11,9,0,9,506,36,0,1,0,0,0,7.74
Bukayo Saka,934235,Arsenal,16,15.5,49,66,9,82.98,11,108,14.81,15,19,1,15,1087,91,0,3,0,0,0,7.72
Cole Palmer,982780,Chelsea,22,18.21,52,23,11,83.32,7,109,20.18,20,11,0,17,1089,72,0,1,0,0,0,7.7
Martin Ødegaard,547410,Arsenal,8,7.4,37,49,10,86.79,4,77,10.39,15,5,0,17,1649,102,0,13,0,0,0,7.67
James Maddison,356398,Tottenham Hotspur,4,6.43,32,33,9,87.44,4,58,6.9,13,8,0,11,1177,68,0,1,0,0,0,7.59
Mohamed Salah,159665,Liverpool,18,21.21,27,17,10,75.72,17,114,15.79,2,1,0,22,708,68,0,7,0,0,0,7.58
Eberechi Eze,864921,Crystal Palace,11,9.12,69,35,4,83.69,5,83,13.25,11,4,0,7,662,54,0,2,0,0,0,7.58
Pascal Groß,48480,Brighton & Hove Albion,4,6.47,16,70,10,90.16,9,55,7.27,22,27,1,11,2639,104,0,6,0,0,0,7.55
Heung-min Son,111505,Tottenham Hotspur,17,12.01,39,21,10,85.07,7,85,20,8,4,0,20,872,69,0,3,0,0,0,7.55
Bernardo Silva,331209,Manchester City,6,3.73,38,51,9,89.42,3,34,17.65,17,12,0,13,1631,64,0,9,0,0,0,7.53
Bruno Guimarães,866469,Newcastle United,7,4.82,72,88,8,84.98,2,48,14.58,35,19,0,12,1924,62,0,7,0,0,0,7.49
Andrew Robertson,262911,Liverpool,3,1.95,5,35,2,87.7,0,12,25,13,34,0,10,1091,65,0,2,0,0,0,7.43
Declan Rice,856714,Arsenal,7,3.34,21,83,8,90.66,2,58,12.07,44,51,0,9,2019,47,0,11,0,0,0,7.43
Jérémy Doku,934386,Manchester City,3,2.53,87,39,8,86.01,1,55,5.45,9,2,0,5,676,45,0,0,0,0,0,7.42
Anthony Gordon,914902,Newcastle United,11,10.23,54,55,10,81.78,9,81,13.58,7,4,0,16,754,57,0,4,0,0,0,7.41
Joško Gvardiol,964994,Manchester City,4,3.1,26,55,1,88.28,4,32,12.5,27,26,1,2,1529,18,0,9,0,0,0,7.4
Thomas Strakosha,227212,Brentford,0,0,0,0,0,71.21,0,0,0,0,1,0,0,47,0,6,0,0,3,0,7.4
Virgil van Dijk,151545,Liverpool,2,2.83,2,40,2,91.47,3,45,4.44,39,142,0,3,2627,11,0,9,0,0,0,7.38
Solly March,301288,Brighton & Hove Albion,3,1.96,8,19,1,81.45,1,14,21.43,11,8,0,2,180,7,0,0,0,0,0,7.37
Erling Haaland,839956,Manchester City,27,29.32,12,6,5,77.43,34,121,22.31,2,16,0,6,295,29,0,6,0,0,0,7.36
Alphonse Aréola,96531,West Ham United,0,0,1,1,0,59.33,0,0,0,1,27,0,0,426,0,138,4,2,85,4,7.36
Julián Álvarez,944656,Manchester City,11,13.12,20,24,9,87.93,10,98,11.22,2,13,0,7,976,67,0,4,0,0,0,7.36
Pedro Porro,913654,Tottenham Hotspur,3,2.95,26,91,7,79.62,2,53,5.66,34,80,1,13,1485,51,0,5,0,0,0,7.34
Ollie Watkins,555386,Aston Villa,19,16.93,26,12,13,76.78,22,107,17.76,4,19,0,11,453,45,0,4,0,0,0,7.32
Conor Bradley,1008402,Liverpool,1,0.89,13,33,3,80.32,0,12,8.33,10,13,0,2,351,15,0,0,0,0,0,7.32
James Tarkowski,145188,Everton,1,2.62,16,61,1,77.77,4,25,4,56,186,1,5,1186,23,0,13,0,0,0,7.32
Conor Gallagher,904970,Chelsea,5,4.2,38,85,7,91.5,5,48,10.42,43,30,0,11,1766,53,0,8,0,0,0,7.31
Kieran Trippier,69256,Newcastle United,1,0.67,16,57,10,79.7,0,8,12.5,24,47,2,13,1366,65,0,4,0,0,0,7.31
Trent Alexander-Arnold,795064,Liverpool,3,2.61,28,39,4,79.58,2,47,6.38,31,42,2,17,1341,64,0,4,0,0,0,7.31
James Ward-Prowse,161717,West Ham United,7,6.2,11,45,7,89.61,1,44,15.91,38,44,0,12,1319,64,0,5,0,0,0,7.29
Bryan Mbeumo,927083,Brentford,9,9.81,26,15,6,72.31,9,53,16.98,7,12,0,6,470,32,0,4,0,0,0,7.27
Douglas Luiz,867887,Aston Villa,9,6.97,24,58,5,89.36,3,48,18.75,23,17,1,10,1763,53,0,5,0,0,0,7.27
Diogo Jota,606164,Liverpool,10,5.32,15,23,3,74.48,3,41,24.39,7,4,0,4,286,22,0,1,0,0,0,7.26
Manor Solomon,862223,Tottenham Hotspur,0,0.42,10,3,2,90.59,0,7,0,3,1,0,1,77,12,0,0,0,0,0,7.26
Morgan Gibbs-White,865912,Nottingham Forest,5,6.92,44,36,10,76.91,5,71,7.04,17,18,0,16,986,75,0,3,0,0,0,7.26
Matheus Cunha,886363,Wolverhampton,12,9.49,64,30,7,81.55,6,73,16.44,13,20,0,7,641,28,0,1,0,0,0,7.26
Ben White,846036,Arsenal,4,1.15,9,48,4,86.71,0,13,30.77,32,67,0,7,1657,39,0,13,0,0,0,7.26
Cristian Romero,829932,Tottenham Hotspur,5,3.45,5,66,0,91.88,6,24,20.83,44,100,0,1,2376,7,0,7,0,0,0,7.25
Dwight McNeil,935543,Everton,3,3.44,30,44,6,78.32,3,57,5.26,22,27,0,17,784,70,0,11,0,0,0,7.24
Alexis Mac Allister,895324,Liverpool,5,3.66,18,99,5,87.8,2,44,11.36,35,25,1,3,1692,47,0,4,0,0,0,7.24
Manuel Akanji,383560,Manchester City,2,1.89,2,42,0,93.77,2,15,13.33,23,61,0,0,2153,13,0,11,0,0,0,7.24
Jack Grealish,189061,Manchester City,3,2.08,18,13,1,87.68,0,22,13.64,6,4,0,3,484,27,0,1,0,0,0,7.24
Gabriel Magalhães,869792,Arsenal,4,4.24,2,48,0,89.09,2,31,12.9,31,97,0,2,1910,3,0,15,0,0,0,7.23
Kai Havertz,836705,Arsenal,13,12.34,16,35,7,81.12,13,69,18.84,20,22,0,8,756,46,0,8,0,0,0,7.23
André Onana,787498,Manchester United,0,0,1,2,0,70.36,0,0,0,0,24,1,0,966,3,149,9,0,98,11,7.21
João Pedro,975079,Brighton & Hove Albion,9,11.98,43,31,3,82.69,9,75,12,11,25,0,9,640,38,0,4,0,0,0,7.21
Jordan Pickford,138530,Everton,0,0,1,1,0,59.41,0,0,0,0,34,1,0,849,4,121,13,0,80,26,7.21
Rúben Dias,318941,Manchester City,0,1.39,0,39,0,94.1,3,20,0,30,75,0,1,2454,7,0,9,0,0,0,7.21
Lucas Paquetá,839981,West Ham United,4,5.39,41,71,6,75.19,3,42,9.52,21,25,0,12,1061,44,0,1,0,0,0,7.21
Jacob Murphy,372336,Newcastle United,3,2.15,13,20,7,73.63,3,30,10,6,13,0,10,310,31,0,1,0,0,0,7.21
Enzo Fernández,974505,Chelsea,3,6.18,23,50,2,86.91,6,47,6.38,17,26,0,5,1560,32,0,2,0,0,0,7.2
Martin Dúbravka,42209,Newcastle United,0,,0,0,0,74.9,0,0,0,0,16,1,0,379,1,88,4,1,59,8,7.2
Pedro Neto,879349,Wolverhampton,2,3.5,37,7,9,83.36,2,36,5.56,5,2,0,7,491,38,0,2,0,0,0,7.2
Luis Díaz,883537,Liverpool,8,11.88,67,35,5,85.28,13,94,8.51,3,7,0,5,869,65,0,1,0,0,0,7.19
Oleksandr Zinchenko,287643,Arsenal,1,0.58,7,50,2,89.37,0,17,5.88,20,22,1,5,1261,30,0,3,0,0,0,7.18
Mark Travers,856720,Bournemouth,0,,0,0,0,51.43,0,0,0,0,4,0,0,54,0,13,2,0,9,2,7.18
Kaoru Mitoma,936849,Brighton & Hove Albion,3,3.49,39,13,4,83.42,6,34,8.82,5,11,0,6,498,25,0,0,0,0,0,7.17
Casemiro,122951,Manchester United,1,3.49,9,83,2,82.65,4,39,2.56,18,66,1,2,1162,16,0,5,0,0,0,7.17
Alexander Isak,823941,Newcastle United,21,20.29,42,5,2,79.96,21,78,26.92,6,12,0,5,379,27,0,3,0,0,0,7.17
Ross Barkley,98435,Luton Town,5,4.12,66,47,4,84.53,1,66,7.58,25,48,0,6,1191,46,0,1,0,0,0,7.17
Gabriel Jesus,794839,Arsenal,4,6.38,35,24,5,81.02,7,55,7.27,13,11,0,6,397,29,0,2,0,0,0,7.17
Lewis Dunk,115365,Brighton & Hove Albion,3,3.07,5,27,1,92.5,1,33,9.09,31,88,1,1,2971,13,0,5,0,0,0,7.16
Daniel Muñoz,870360,Crystal Palace,0,1.24,13,55,4,79.15,2,8,0,24,34,0,5,448,21,0,4,0,0,0,7.16
Dominik Szoboszlai,869856,Liverpool,3,3.71,24,32,2,87.28,2,60,5,15,13,0,7,1221,56,0,4,0,0,0,7.15
Kyle Walker,44614,Manchester City,0,0.39,21,38,4,90.36,0,16,0,27,35,0,7,1930,25,0,6,0,0,0,7.15
João Palhinha,364612,Fulham,4,3.31,11,152,1,83.04,4,45,8.89,46,54,0,1,1097,13,0,5,0,0,0,7.14
Jarrod Bowen,552884,West Ham United,16,11.65,34,42,6,75.08,13,84,19.05,19,12,0,12,467,32,0,3,0,0,0,7.14
Leon Bailey,808590,Aston Villa,10,6.33,57,13,9,78.17,1,53,18.87,9,4,0,12,548,52,0,0,0,0,0,7.13
Craig Dawson,50027,Wolverhampton,1,1.5,3,30,1,86.71,1,16,6.25,16,119,0,2,1103,9,0,5,0,0,0,7.13
Harry Maguire,149380,Manchester United,2,2.04,0,24,2,83.39,2,20,10,25,83,0,2,914,6,0,4,0,0,0,7.13
Jan Paul van Hecke,962012,Brighton & Hove Albion,0,1.23,5,47,0,92.5,2,15,0,30,74,1,0,2219,10,0,5,0,0,0,7.13
Harvey Elliott,955245,Liverpool,3,2.72,9,27,6,87.72,1,49,6.12,6,6,0,5,793,37,0,0,0,0,0,7.13
Willian,31417,Fulham,4,5.14,29,18,2,85.46,3,45,8.89,9,10,0,6,905,45,0,3,0,0,0,7.13
Rodrigo Muniz,1015256,Fulham,9,8.72,5,7,1,62.1,4,73,12.33,6,20,0,2,136,18,0,0,0,0,0,7.13
Moisés Caicedo,987650,Chelsea,1,0.45,26,91,3,90.8,0,13,7.69,37,33,1,4,1904,23,0,6,0,0,0,7.13
Oscar Bobb,1065216,Manchester City,1,1.38,11,7,1,88.1,1,4,25,5,1,0,2,148,10,0,0,0,0,0,7.12
Bart Verbruggen,994363,Brighton & Hove Albion,0,0,1,1,0,85.6,0,0,0,0,17,2,0,636,0,65,4,0,42,11,7.12
José Sá,252669,Wolverhampton,0,0,3,0,1,59.18,0,0,0,0,30,3,0,535,1,134,4,0,89,15,7.12
Cody Gakpo,862967,Liverpool,8,8.96,31,27,5,79.25,6,66,12.12,14,7,0,5,424,25,0,0,0,0,0,7.11
Diogo Dalot,843200,Manchester United,2,1.67,31,81,3,83.78,0,30,6.67,37,96,0,5,1250,38,0,7,0,0,0,7.11
Josh Cullen,792122,Burnley,2,0.59,3,42,3,86.65,0,16,12.5,15,24,0,3,1162,26,0,0,0,0,0,7.11
Robert Sánchez,920546,Chelsea,0,0,0,0,0,79.62,0,0,0,0,13,1,0,414,0,53,3,1,36,13,7.11
Albert Sambi Lokonga,901892,Luton Town,1,0.62,11,29,3,89.19,0,8,12.5,11,14,0,2,660,9,0,0,0,0,0,7.11
Gabriel Martinelli,922573,Arsenal,6,6.85,40,30,4,85.01,5,58,10.34,5,7,0,7,686,46,0,1,0,0,0,7.11
John McGinn,250223,Aston Villa,6,4.97,54,59,4,82.75,3,40,15,21,18,0,10,945,45,0,4,0,0,0,7.11
Neto,84844,Bournemouth,0,0,2,0,0,60.2,0,0,0,1,38,2,0,543,0,115,7,1,78,16,7.1
Emiliano Martínez,158263,Aston Villa,0,0,0,0,0,81.37,0,0,0,0,16,2,0,1035,2,95,8,0,68,37,7.1
Dejan Kulusevski,928124,Tottenham Hotspur,8,4.66,54,62,3,81.89,4,57,14.04,18,1,0,14,927,66,0,4,0,0,0,7.1
Mohammed Kudus,905163,West Ham United,8,5.16,124,65,6,84.48,4,67,11.94,11,8,0,5,653,28,0,1,0,0,0,7.1
Nathan Aké,149663,Manchester City,2,2.48,5,26,2,92.82,2,20,10,14,52,0,3,1643,10,0,5,0,0,0,7.1
Aleksandar Mitrović,192144,Fulham,0,0.16,3,0,0,50,0,2,0,0,0,0,0,4,0,0,0,0,0,0,7.1
Robin Olsen,26025,Aston Villa,0,0,0,0,0,79.35,0,0,0,0,2,0,0,146,0,21,0,1,17,0,7.1
Bernd Leno,103335,Fulham,0,0,0,0,0,77.24,0,0,0,0,32,1,0,1086,0,134,10,0,86,19,7.1
James Garner,927361,Everton,1,2.71,19,83,2,82.81,1,41,2.44,45,45,1,7,920,44,0,11,0,0,0,7.09
Mark Flekken,171919,Brentford,0,0,3,1,1,69.36,0,0,0,0,40,1,2,1003,4,115,7,0,63,17,7.09
Yoane Wissa,805123,Brentford,12,10.57,20,28,3,73.18,12,67,17.91,9,13,0,7,322,30,0,1,0,0,0,7.09
Adam Wharton,1109771,Crystal Palace,0,0.34,3,48,3,81.14,0,10,0,20,24,1,5,456,21,0,2,0,0,0,7.09
Pablo Sarabia,138573,Wolverhampton,4,5.47,17,20,7,77.08,4,46,8.7,10,6,0,9,639,51,0,0,0,0,0,7.09
Noni Madueke,966547,Chelsea,5,2.49,37,16,2,88.55,0,32,15.63,4,12,0,2,402,20,0,1,0,0,0,7.08
Ryan Christie,322391,Bournemouth,0,2.33,51,86,5,79.26,0,43,0,52,50,0,10,967,55,0,6,0,0,0,7.08
Callum Hudson-Odoi,867442,Nottingham Forest,8,2.72,43,18,1,85.32,2,38,21.05,7,11,0,4,552,36,0,1,0,0,0,7.08
Richarlison,840217,Tottenham Hotspur,11,9.59,10,16,4,70.86,7,62,17.74,8,23,0,3,265,16,0,0,0,0,0,7.08
Ibrahima Konaté,826215,Liverpool,0,0.68,6,36,0,87.99,0,11,0,20,51,1,1,1275,8,0,5,0,0,0,7.07
Thiago Silva,33541,Chelsea,3,0.79,2,29,1,94.87,0,14,21.43,26,150,1,3,2162,9,0,6,0,0,0,7.07
Jarrad Branthwaite,979563,Everton,3,1.74,5,66,0,80.09,1,14,21.43,50,157,0,1,1098,4,0,12,0,0,0,7.07
Amadou Onana,923973,Everton,2,2.01,12,71,0,84.95,1,29,6.9,21,30,0,4,869,18,0,5,0,0,0,7.06
Leandro Trossard,135666,Arsenal,12,7.9,25,27,1,78.71,7,60,20,8,5,0,3,477,24,0,2,0,0,0,7.06
Andreas Pereira,285949,Fulham,3,4.64,19,25,7,78.83,3,52,5.77,4,11,0,9,838,85,0,3,0,0,0,7.06
Alex Iwobi,352770,Fulham,5,5.65,40,31,2,81.62,2,55,9.09,15,6,0,5,826,53,0,0,0,0,0,7.06
Jefferson Lerma,355796,Crystal Palace,1,2.65,11,42,1,82.37,2,34,2.94,36,64,0,3,1009,24,0,4,0,0,0,7.05
Alejandro Garnacho,1135873,Manchester United,7,8.39,48,22,4,79.38,7,100,7,18,12,0,6,662,46,0,2,0,0,0,7.05
Timo Werner,232306,Tottenham Hotspur,2,3.72,12,7,3,80.8,5,29,6.9,3,1,0,3,261,15,0,0,0,0,0,7.05
Cheick Doucouré,906047,Crystal Palace,0,0.28,10,34,0,87.17,0,6,0,20,9,0,1,367,10,0,3,0,0,0,7.05
Ethan Pinnock,855864,Brentford,2,2.04,6,35,0,83.98,3,19,10.53,43,167,1,1,1174,4,0,5,0,0,0,7.04
Idrissa Gueye,106337,Everton,4,1.33,11,73,0,85.57,0,26,15.38,28,16,0,1,753,15,0,4,0,0,0,7.04
Ben Brereton Díaz,867583,Sheffield United,6,6.07,10,9,1,77.08,5,35,17.14,3,11,0,3,195,8,0,0,0,0,0,7.04
Malo Gusto,996958,Chelsea,0,0.93,17,55,6,89.24,3,15,0,17,37,0,8,1087,32,0,2,0,0,0,7.04
Dominic Solanke,361420,Bournemouth,19,19.63,39,23,3,73.73,14,109,17.43,7,43,0,3,393,39,0,5,0,0,0,7.04
William Saliba,941168,Arsenal,2,1.6,10,41,1,92.57,1,10,20,29,78,0,0,2628,6,0,18,0,0,0,7.04
Christian Nørgaard,135256,Brentford,2,3.47,6,81,1,81.19,3,35,5.71,54,49,0,6,1170,24,0,2,0,0,0,7.04
Luis Sinisterra,836070,Bournemouth,2,2.54,29,23,2,80.07,1,27,7.41,8,4,0,2,225,20,0,0,0,0,0,7.04
Mario Lemina,307284,Wolverhampton,4,4.62,25,90,1,86.73,4,48,8.33,41,56,0,3,1248,20,0,4,0,0,0,7.04
Pervis Estupiñán,805465,Brighton & Hove Albion,2,0.96,9,26,3,88.66,1,11,18.18,21,20,0,4,727,26,0,1,0,0,0,7.04
Guglielmo Vicario,553606,Tottenham Hotspur,0,0,0,0,0,83.66,0,0,0,1,46,0,0,1147,0,110,7,0,78,31,7.04
Carlton Morris,358222,Luton Town,11,11.4,31,15,4,66.81,7,71,15.49,1,53,0,5,481,22,0,0,0,0,0,7.03
Łukasz Fabiański,15479,West Ham United,0,,0,1,0,60.31,0,0,0,1,9,0,0,117,0,33,1,0,21,0,7.03
Marcus Tavernier,895576,Bournemouth,3,3.91,44,53,4,79.34,3,53,5.66,5,19,0,7,603,45,0,2,0,0,0,7.03
Simon Adingra,1110842,Brighton & Hove Albion,6,4.31,50,45,1,81.12,4,52,11.54,19,22,0,6,606,33,0,1,0,0,0,7.03
Giovani Lo Celso,798835,Tottenham Hotspur,2,0.57,8,22,2,91.51,0,13,15.38,5,2,0,1,442,18,0,0,0,0,0,7.03
Yves Bissouma,844842,Tottenham Hotspur,0,1.4,27,80,0,91.93,1,24,0,37,42,1,0,1686,11,0,2,0,0,0,7.03
Alfie Doughty,945792,Luton Town,2,1.31,33,63,8,75.23,2,26,7.69,31,36,1,10,820,71,0,2,0,0,0,7.03
Chiedozie Ogbene,849309,Luton Town,4,4.25,61,17,1,81.56,1,35,11.43,7,31,0,5,513,27,0,1,0,0,0,7.03
Jean-Philippe Mateta,848276,Crystal Palace,16,10.94,25,22,5,73.85,7,46,34.78,4,14,0,5,305,32,0,4,0,0,0,7.03
Darwin Núñez,924871,Liverpool,11,16.39,15,22,8,71.61,27,108,10.19,3,9,0,11,333,33,0,2,0,0,0,7.03
Tosin Adarabioyo,352668,Fulham,2,0.73,1,21,0,84.72,1,14,14.29,25,80,0,0,1026,2,0,6,0,0,0,7.02
Willy Boly,139310,Nottingham Forest,2,1.48,3,46,1,77.09,2,14,14.29,25,86,0,4,471,9,0,2,0,0,0,7.02
Ivan Perišić,38710,Tottenham Hotspur,0,0.11,4,3,1,80.33,0,2,0,2,1,0,2,49,5,0,0,0,0,0,7.02
Joachim Andersen,362682,Crystal Palace,2,1.68,14,56,3,79.49,3,21,9.52,41,202,1,5,1713,20,0,8,0,0,0,7.02
Alisson,243609,Liverpool,0,0,0,0,0,85.06,0,0,0,0,21,2,0,848,1,83,8,0,49,11,7.02
Ben Davies,94758,Tottenham Hotspur,1,2.34,4,24,0,91.26,3,12,8.33,10,35,0,0,741,4,0,1,0,0,0,7.02
Mateo Kovačić,136710,Manchester City,1,1.27,20,36,0,94.09,1,22,4.55,10,10,0,3,1433,21,0,3,0,0,0,7.02
Thomas Partey,316148,Arsenal,0,0.41,9,14,0,90.34,0,8,0,11,8,0,0,561,6,0,2,0,0,0,7.02
Fabian Schär,101882,Newcastle United,4,2.55,13,42,1,83.24,2,35,11.43,36,131,0,2,1753,10,0,8,0,0,0,7.01
Joël Matip,51501,Liverpool,0,0.49,0,12,0,87.74,1,5,0,9,41,0,0,494,2,0,2,0,0,0,7.01
Nicolas Jackson,1085381,Chelsea,14,18.64,54,21,5,77.96,24,80,17.5,4,17,0,8,513,39,0,2,0,0,0,7.01
Jarell Quansah,1003339,Liverpool,2,1.04,4,25,0,88.76,0,6,33.33,17,39,1,0,1034,3,0,2,0,0,0,7.01
Jordan Ayew,103045,Crystal Palace,4,3.9,52,65,7,80.64,4,48,8.33,16,13,0,7,654,25,0,5,0,0,0,7
Levi Colwill,996911,Chelsea,1,1.3,9,48,1,83.38,0,11,9.09,26,64,0,3,878,7,0,4,0,0,0,7
Konstantinos Tsimikas,786259,Liverpool,0,0.1,4,19,3,85.56,0,3,0,6,9,0,2,308,16,0,3,0,0,0,7
Rico Henry,599128,Brentford,0,0.08,7,7,1,84.62,0,2,0,5,5,1,2,132,6,0,1,0,0,0,7
Josh Acheampong,1403050,Chelsea,0,,0,0,0,0,0,0,0,0,0,0,0,0,0,0,0,0,0,0,7
James Shea,137789,Luton Town,0,,0,0,0,62.5,0,0,0,0,2,0,0,5,0,2,0,0,0,0,7
Davinson Sánchez,566102,Tottenham Hotspur,0,0.12,0,0,0,90.54,0,1,0,1,2,0,0,67,0,0,0,0,0,0,7
Aymeric Laporte,149734,Manchester City,0,0.04,0,0,0,100,0,1,0,0,1,0,0,11,0,0,0,0,0,0,7
Ederson,254491,Manchester City,0,0,1,0,0,85.87,0,0,0,0,16,0,0,942,1,57,10,0,37,27,7
Micky van de Ven,998247,Tottenham Hotspur,3,0.61,15,49,0,94.28,0,8,37.5,18,71,0,0,1681,1,0,5,0,0,0,7
Harvey Barnes,855647,Newcastle United,5,3.58,7,6,3,79.13,2,27,18.52,5,2,0,8,201,13,0,0,0,0,0,7
Marc Cucurella,794939,Chelsea,0,1.13,4,62,2,86.66,2,8,0,22,33,0,1,916,19,0,4,0,0,0,7
Joelinton,560128,Newcastle United,2,3.09,17,39,1,83.93,3,19,10.53,19,10,0,5,517,23,0,2,0,0,0,6.99
Nick Pope,162653,Newcastle United,0,0.03,0,0,0,71.06,0,1,0,0,17,1,0,221,0,43,5,0,30,11,6.99
James Trafford,980643,Burnley,0,0,2,2,0,62.06,0,0,0,1,38,1,0,849,0,106,2,0,78,20,6.99
Julio Enciso,973556,Brighton & Hove Albion,0,1.44,17,6,2,77.25,2,28,0,0,3,0,4,129,9,0,0,0,0,0,6.99
Marcos Senesi,830659,Bournemouth,4,2.02,11,55,5,78.47,0,13,30.77,35,105,0,2,988,22,0,4,0,0,0,6.99
Lewis Cook,548188,Bournemouth,0,0.39,21,61,3,81.24,0,12,0,65,43,1,3,1091,47,0,7,0,0,0,6.99
Rico Lewis,1136731,Manchester City,2,0.63,4,10,0,90.99,0,5,40,4,3,0,4,485,13,0,0,0,0,0,6.99
Wesley Foderingham,187861,Sheffield United,0,0,2,5,0,52.6,0,0,0,0,29,5,0,496,1,133,1,0,86,28,6.98
Harry Wilson,355528,Fulham,4,3.38,15,21,6,79.21,2,40,10,10,11,0,5,461,23,0,1,0,0,0,6.98
Matt Turner,833943,Nottingham Forest,0,0,0,0,0,63.64,0,0,0,0,13,3,0,301,0,55,2,0,29,9,6.98
Antonee Robinson,803174,Fulham,0,0.68,37,93,6,75.94,2,16,0,80,109,1,6,1237,34,0,7,0,0,0,6.98
Pape Matar Sarr,1002711,Tottenham Hotspur,3,3.44,19,34,3,88.73,3,36,8.33,31,28,0,2,1165,20,0,2,0,0,0,6.98
Max Kilman,894474,Wolverhampton,2,1.81,10,47,0,86.26,1,14,14.29,39,179,0,4,1972,17,0,5,0,0,0,6.98
Ivan Toney,290927,Brentford,4,5.97,10,15,2,55.67,11,51,7.84,10,17,0,3,216,12,0,3,0,0,0,6.97
Tom Cairney,82566,Fulham,1,1.08,26,24,4,90.33,0,17,5.88,13,6,0,5,1121,26,0,3,0,0,0,6.97
Boubacar Kamara,826204,Aston Villa,0,0.13,14,43,1,89.26,0,5,0,21,15,0,1,914,20,0,4,0,0,0,6.97
Mathias Jensen,799251,Brentford,3,0.7,18,54,3,78.6,0,14,21.43,23,24,0,9,764,41,0,1,0,0,0,6.97
Vitaliy Mykolenko,876643,Everton,2,1.51,18,69,0,74.94,1,26,7.69,36,82,0,2,661,13,0,9,0,0,0,6.96
Oliver McBurnie,367228,Sheffield United,6,6.89,6,17,3,60.3,7,33,18.18,5,28,0,3,240,12,0,0,0,0,0,6.96
Caoimhin Kelleher,827362,Liverpool,0,,0,0,0,79.33,0,0,0,0,7,1,0,307,1,28,2,0,23,4,6.96
Moussa Diaby,855817,Aston Villa,6,7.08,29,12,8,82.6,7,54,11.11,9,5,0,13,470,47,0,0,0,0,0,6.96
Hee-Chan Hwang,786186,Wolverhampton,12,7.69,36,20,3,77.74,8,45,26.67,10,8,0,4,412,17,0,2,0,0,0,6.96
Raheem Sterling,138534,Chelsea,8,6.48,45,21,4,79.33,11,51,15.69,13,8,0,7,522,30,0,1,0,0,0,6.96
Jorginho,132874,Arsenal,0,0.1,2,24,2,90.17,0,4,0,12,7,1,2,697,10,0,1,0,0,0,6.96
Stefan Ortega,125274,Manchester City,0,,0,0,0,78.1,0,0,0,0,3,0,0,189,0,20,1,0,15,4,6.96
Dan Burn,99090,Newcastle United,2,3.09,4,61,2,81.07,4,23,8.7,37,119,0,3,1216,10,0,7,0,0,0,6.95
Aaron Wan-Bissaka,863653,Manchester United,0,0.11,17,42,2,82.93,0,3,0,41,54,0,1,690,12,0,3,0,0,0,6.95
Jakub Kiwior,976037,Arsenal,1,0.83,2,20,3,85.85,3,6,16.67,8,24,0,1,467,6,0,5,0,0,0,6.95
Billy Gilmour,907668,Brighton & Hove Albion,0,0.98,8,26,1,92.15,0,25,0,11,14,0,3,1903,22,0,3,0,0,0,6.95
Luke Shaw,190839,Manchester United,0,0.05,7,11,0,85.66,0,2,0,6,37,0,1,472,13,0,2,0,0,0,6.95
Tomáš Souček,799041,West Ham United,7,6.73,4,53,2,75.71,11,43,16.28,37,107,0,4,717,20,0,5,0,0,0,6.95
Sander Berge,793167,Burnley,1,1.94,20,76,2,88.82,2,25,4,23,58,2,5,1374,29,0,2,0,0,0,6.95
Josh Brownhill,358394,Burnley,4,1.94,7,61,2,80.25,1,28,14.29,34,40,0,0,825,34,0,2,0,0,0,6.95
Vitaly Janelt,814873,Brentford,1,1.76,8,63,3,79.86,2,21,4.76,36,57,1,5,1043,37,0,4,0,0,0,6.95
Miguel Almirón,333373,Newcastle United,3,4.55,23,36,1,85.79,4,41,7.32,10,12,0,6,658,24,0,2,0,0,0,6.95
Amad Diallo,971037,Manchester United,1,0.52,11,10,1,88.02,0,10,10,1,6,0,1,147,10,0,0,0,0,0,6.94
Ezri Konsa,827679,Aston Villa,1,2.47,19,54,0,92.17,3,19,5.26,28,68,2,1,1800,8,0,6,0,0,0,6.94
Kobbie Mainoo,1142175,Manchester United,3,0.89,31,47,1,86.66,0,11,27.27,22,27,1,0,747,15,0,0,0,0,0,6.94
Jack Hinshelwood,1142315,Brighton & Hove Albion,3,2,0,14,0,84.37,3,14,21.43,14,16,0,1,367,8,0,1,0,0,0,6.94
Brennan Johnson,1085180,Tottenham Hotspur,5,10.61,27,30,10,76.6,17,53,9.43,10,9,0,12,537,46,0,1,0,0,0,6.94
Nicolás Domínguez,871765,Nottingham Forest,2,1.32,7,63,2,85.4,1,22,9.09,18,23,0,2,708,10,0,1,0,0,0,6.94
John Stones,152077,Manchester City,1,1.05,1,2,0,93.62,0,4,25,10,20,0,0,778,6,0,4,0,0,0,6.94
Scott McKenna,358108,Nottingham Forest,0,0.21,0,4,0,77.51,0,2,0,5,25,0,0,131,3,0,1,0,0,0,6.94
Đorđe Petrović,882604,Chelsea,0,,0,0,0,76.38,0,0,0,0,20,2,0,540,0,75,5,0,44,14,6.94
Youri Tielemans,331737,Aston Villa,2,1.32,15,41,6,86,1,14,14.29,15,8,0,5,780,18,0,2,0,0,0,6.94
Chris Wood,50480,Nottingham Forest,14,11.92,6,7,1,64.5,12,48,29.17,1,26,0,3,278,22,0,0,0,0,0,6.94
Scott McTominay,879346,Manchester United,7,5.74,8,49,1,81.49,6,44,15.91,14,54,0,2,524,11,0,7,0,0,0,6.93
Emerson Palmieri,155997,West Ham United,1,1.52,24,106,2,82.91,2,19,5.26,43,88,0,2,1189,25,0,5,0,0,0,6.93
Reece James,885908,Chelsea,0,0.31,9,14,2,84.27,0,7,0,3,7,0,7,225,13,0,0,0,0,0,6.93
Tom Lockyer,197848,Luton Town,1,1.05,4,25,1,71.53,2,7,14.29,23,66,0,1,299,3,0,0,0,0,0,6.93
Tyrick Mitchell,988275,Crystal Palace,2,1.61,18,105,3,74.21,2,12,16.67,26,86,0,5,895,24,0,10,0,0,0,6.92
Fábio Vieira,904835,Arsenal,1,1.25,2,3,2,88.81,0,7,14.29,2,1,0,2,119,5,0,0,0,0,0,6.92
Gustavo Hamer,837495,Sheffield United,4,2.97,28,39,6,73.52,1,49,8.16,29,32,0,10,722,71,0,1,0,0,0,6.92
Issa Diop,825719,Fulham,0,0.26,1,30,0,88.1,0,5,0,17,80,1,0,948,0,0,4,0,0,0,6.92
Mykhaylo Mudryk,958966,Chelsea,5,4.43,39,21,2,76.94,4,35,14.29,9,6,0,6,367,32,0,0,0,0,0,6.92
Jordan Beyer,927175,Burnley,0,0.52,4,35,1,89.12,0,5,0,16,68,1,1,762,3,0,2,0,0,0,6.91
Thomas Kaminski,45959,Luton Town,0,0,2,2,0,54.95,0,0,0,0,22,1,0,721,1,145,2,0,98,32,6.91
Taiwo Awoniyi,359664,Nottingham Forest,6,4.73,8,9,3,73.84,4,22,27.27,1,9,0,2,127,10,0,0,0,0,0,6.91
Raphaël Varane,138310,Manchester United,1,1.26,1,18,0,89.28,0,8,12.5,15,86,0,0,691,1,0,3,0,0,0,6.91
Nathan Collins,958916,Brentford,1,1.65,11,38,1,81.47,3,10,10,44,129,4,5,1196,11,0,7,0,0,0,6.91
Abdoulaye Doucouré,96535,Everton,7,8.77,25,43,2,78.52,10,47,14.89,15,18,0,4,680,34,0,9,0,0,0,6.91
Wilson Odobert,1142679,Burnley,3,2.81,53,17,2,79.45,2,49,6.12,6,12,0,7,433,31,0,0,0,0,0,6.9
Anthony Elanga,979232,Nottingham Forest,5,6.57,28,33,9,75.31,10,54,9.26,8,16,1,14,485,33,0,2,0,0,0,6.9
Dominic Calvert-Lewin,372344,Everton,7,12.93,14,13,2,56.91,16,73,9.59,4,38,0,4,247,19,0,0,0,0,0,6.9
Marcus Rashford,814590,Manchester United,7,7.37,48,19,2,79.21,7,62,11.29,4,20,0,6,541,26,0,5,0,0,0,6.9
Edson Álvarez,847151,West Ham United,1,1.3,27,80,1,86.11,0,17,5.88,42,70,0,0,1029,12,0,3,0,0,0,6.9
Trevoh Chalobah,826134,Chelsea,1,0.2,1,16,0,89.61,0,2,50,8,49,0,0,681,3,0,2,0,0,0,6.9
Tyler Adams,800419,Bournemouth,0,,2,4,0,84.06,0,0,0,4,2,0,0,58,1,0,0,0,0,0,6.9
Mohamed Elneny,159675,Arsenal,0,0.08,0,0,0,97.5,0,2,0,1,0,0,0,39,0,0,0,0,0,0,6.9
Ethan Nwaneri,1401702,Arsenal,0,0,0,0,0,83.33,0,0,0,0,0,0,0,15,1,0,0,0,0,0,6.9
Rayan Aït Nouri,931278,Wolverhampton,2,3.29,62,71,1,86.61,5,24,8.33,15,31,0,3,899,25,0,0,0,0,0,6.9
Elliot Anderson,994546,Newcastle United,0,1.54,21,24,2,82.93,1,19,0,8,20,0,2,345,15,0,2,0,0,0,6.89
Antoine Semenyo,934354,Bournemouth,8,4.64,50,24,2,74.28,5,70,11.43,6,20,0,6,436,29,0,2,0,0,0,6.89
Joe Gomez,318927,Liverpool,0,0.77,15,47,1,86.25,0,19,0,19,45,0,2,991,22,0,5,0,0,0,6.89
Matty Cash,833956,Aston Villa,2,4.28,12,54,2,84.05,4,33,6.06,18,52,0,6,864,13,0,2,0,0,0,6.89
Callum Wilson,113956,Newcastle United,9,8.87,14,5,1,65.19,6,35,25.71,2,4,0,2,103,8,0,2,0,0,0,6.89
Destiny Udogie,983572,Tottenham Hotspur,2,2.47,24,68,3,87.48,3,9,22.22,37,67,3,3,1062,24,0,2,0,0,0,6.89
Antony,958380,Manchester United,1,3.38,26,40,1,80.04,4,43,2.33,12,8,0,7,449,22,0,0,0,0,0,6.89
Edward Nketiah,858194,Arsenal,5,4.54,8,12,2,79.9,4,38,13.16,4,4,0,2,167,9,0,1,0,0,0,6.89
Sergio Reguilón,858195,Brentford,0,0.95,16,58,4,75.7,0,17,0,21,38,1,6,489,28,0,3,0,0,0,6.89
James Milner,791,Brighton & Hove Albion,0,0.28,3,20,2,86.4,0,5,0,8,13,0,2,432,16,0,1,0,0,0,6.89
Kristoffer Ajer,576384,Brentford,2,1.31,10,38,1,75.9,0,12,16.67,25,78,1,5,548,12,0,2,0,0,0,6.89
Zanka,26404,Brentford,1,0.74,3,17,0,75.43,0,8,12.5,12,38,0,2,393,7,0,2,0,0,0,6.88
Chris Richards,931844,Crystal Palace,1,0.6,1,46,1,83.33,0,11,9.09,27,106,0,1,770,6,0,4,0,0,0,6.88
Sean Longstaff,866191,Newcastle United,6,6.58,11,54,2,80.89,7,41,14.63,17,22,0,5,978,20,0,9,0,0,0,6.88
Dango Ouattara,1106451,Bournemouth,1,2.6,21,45,2,67.63,2,30,3.33,22,33,0,1,303,17,0,2,0,0,0,6.88
Sven Botman,910046,Newcastle United,2,0.61,0,20,2,90.54,0,10,20,9,58,2,2,919,5,0,3,0,0,0,6.88
João Gomes,1015267,Wolverhampton,2,1.69,26,128,1,83.27,1,26,7.69,18,29,0,2,1030,20,0,3,0,0,0,6.88
Dara O'Shea,856719,Burnley,3,0.75,1,39,4,79.73,1,19,15.79,35,158,0,3,1381,13,0,1,0,0,0,6.88
Adam Webster,216308,Brighton & Hove Albion,0,0.43,0,14,0,91.25,0,8,0,16,41,1,0,991,5,0,1,0,0,0,6.88
Takehiro Tomiyasu,804434,Arsenal,2,1.57,4,20,1,85.53,3,17,11.76,18,30,0,0,520,6,0,3,0,0,0,6.88
Lewis Miley,1400650,Newcastle United,1,1.25,8,33,3,83.78,1,13,7.69,8,16,0,3,439,12,0,1,0,0,0,6.88
Hannibal Mejbri,1009386,Manchester United,1,0.03,2,3,0,83.78,0,1,100,0,0,0,0,31,2,0,1,0,0,0,6.88
Christopher Nkunku,769333,Chelsea,3,2.3,2,5,0,89.27,3,16,18.75,2,4,0,0,158,3,0,0,0,0,0,6.87
Timothy Castagne,329417,Fulham,1,1.62,17,49,3,81.33,1,14,7.14,38,57,0,1,1098,18,0,8,0,0,0,6.87
Lucas Digne,96538,Aston Villa,1,1.06,10,47,3,81.44,0,20,5,26,61,0,5,825,38,0,3,0,0,0,6.87
Marc Guéhi,877994,Crystal Palace,0,0.66,7,28,1,87.22,0,5,0,18,88,1,1,1133,8,0,4,0,0,0,6.87
Ben Godfrey,754698,Everton,0,1.78,5,30,0,70.76,4,15,0,16,51,0,0,242,3,0,4,0,0,0,6.87
Igor Júlio,842513,Brighton & Hove Albion,0,0.27,16,25,0,93.65,0,5,0,14,45,0,1,1327,7,0,2,0,0,0,6.87
Ben Chilwell,802695,Chelsea,0,1.22,7,15,1,80.25,2,12,0,4,17,0,3,325,14,0,0,0,0,0,6.87
Victor Lindelöf,143334,Manchester United,1,0.76,1,15,1,89.5,0,6,16.67,12,38,0,0,784,8,0,4,0,0,0,6.87
Saša Kalajdžić,870038,Wolverhampton,2,1.07,1,6,0,64.41,1,4,50,1,6,0,2,38,4,0,0,0,0,0,6.87
Christian Eriksen,105734,Manchester United,1,0.98,3,18,2,84.08,0,13,7.69,4,12,0,3,634,27,0,0,0,0,0,6.86
Rasmus Højlund,1086417,Manchester United,10,7.64,18,11,2,76.98,13,38,26.32,1,19,0,0,301,28,0,2,0,0,0,6.86
Ryan Yates,846252,Nottingham Forest,1,2.7,4,66,1,80.29,2,32,3.13,21,39,0,2,656,7,0,1,0,0,0,6.86
Jonny Evans,30144,Manchester United,0,0.06,4,22,1,87.89,0,1,0,23,74,0,1,726,6,0,2,0,0,0,6.86
Odsonne Édouard,795228,Crystal Palace,7,6.25,19,24,0,73.29,6,51,13.73,6,18,0,1,247,18,0,2,0,0,0,6.85
Jhon Durán,974577,Aston Villa,5,2.03,2,6,0,71.05,1,20,25,1,9,0,0,81,4,0,0,0,0,0,6.85
Danilo,1064039,Nottingham Forest,2,1.84,17,36,2,80.55,1,23,8.7,35,41,0,2,584,20,0,1,0,0,0,6.85
Jóhann Guðmundsson,49805,Burnley,1,1.85,5,13,3,78.28,3,15,6.67,16,16,0,5,364,36,0,0,0,0,0,6.85
Mads Juel Andersen,841005,Luton Town,1,0.26,0,6,0,73.91,0,3,33.33,8,29,0,0,85,0,0,0,0,0,0,6.85
Murillo,1199282,Nottingham Forest,0,1.8,20,50,2,77.56,2,17,0,37,185,0,2,1120,7,0,3,0,0,0,6.85
Oliver Arblaster,1191153,Sheffield United,0,0.04,17,23,0,81.54,0,1,0,15,8,0,1,349,11,0,0,0,0,0,6.85
David Raya,581310,Arsenal,0,0,0,1,0,70.75,0,0,0,0,13,3,0,641,0,46,16,1,26,18,6.85
Axel Disasi,827243,Chelsea,2,2.43,12,33,0,90.63,2,16,12.5,18,97,0,0,1992,3,0,5,0,0,0,6.85
Philip Billing,548660,Bournemouth,2,2.47,12,33,2,78.44,1,30,6.67,20,27,1,7,393,23,0,1,0,0,0,6.85
Raúl Jiménez,192442,Fulham,7,5.15,10,18,0,69.71,4,41,17.07,4,13,0,3,260,11,0,0,0,0,0,6.85
Pau Torres,864169,Aston Villa,2,1.01,17,29,0,87.8,3,12,16.67,14,74,0,1,1554,8,0,6,0,0,0,6.84
Dean Henderson,788134,Crystal Palace,0,,0,1,0,53.72,0,0,0,0,22,1,0,231,0,58,4,0,42,11,6.84
Will Hughes,193554,Crystal Palace,0,0.32,9,61,1,85.22,0,8,0,22,20,0,2,721,21,0,5,0,0,0,6.84
Ben Mee,137774,Brentford,2,1.48,3,26,0,76.36,1,10,20,13,57,0,0,462,6,0,1,0,0,0,6.84
Emerson Royal,856123,Tottenham Hotspur,1,0.2,10,36,0,91.24,0,6,16.67,20,45,0,1,865,3,0,0,0,0,0,6.84
Sandro Tonali,892673,Newcastle United,1,0.66,3,7,0,88.01,1,3,33.33,2,4,0,0,235,8,0,0,0,0,0,6.84
Danny Welbeck,33902,Brighton & Hove Albion,5,5.32,8,35,1,83.2,10,41,12.2,9,17,0,3,421,22,0,0,0,0,0,6.83
James Hill,1156586,Bournemouth,0,0,0,3,0,70.59,0,0,0,3,8,0,0,24,0,0,0,0,0,0,6.83
Bobby Decordova-Reid,151499,Fulham,6,4.55,8,22,2,78.96,3,33,18.18,5,12,0,3,349,17,0,1,0,0,0,6.83
Reece Burke,372342,Luton Town,0,1.31,4,37,4,77.52,3,13,0,18,73,1,3,531,13,0,1,0,0,0,6.83
Morgan Rogers,948261,Aston Villa,3,1.35,17,8,1,77.13,1,11,27.27,3,8,0,1,145,9,0,1,0,0,0,6.82
Sam Johnstone,98427,Crystal Palace,0,0,0,1,0,52.92,0,0,0,1,13,0,0,281,0,41,6,0,26,6,6.82
Tommy Doyle,932628,Wolverhampton,0,0.44,1,26,0,86.39,0,14,0,12,17,0,1,787,8,0,2,0,0,0,6.82
Serge Aurier,105697,Nottingham Forest,0,0.15,3,20,2,80.56,0,6,0,9,32,1,1,315,4,0,0,0,0,0,6.82
Evan Ferguson,999231,Brighton & Hove Albion,6,4.61,7,14,0,81.33,4,33,18.18,2,8,0,1,244,6,0,0,0,0,0,6.81
Zeki Amdouni,990550,Burnley,5,5.82,29,27,1,80.94,6,49,10.2,9,10,0,2,395,16,0,0,0,0,0,6.81
Jacob Bruun Larsen,809276,Burnley,6,5,20,9,0,76.81,4,44,13.64,7,21,0,1,351,25,0,0,0,0,0,6.81
Jamaal Lascelles,153444,Newcastle United,1,0.75,1,14,0,86.74,1,6,16.67,5,42,0,0,667,2,0,5,0,0,0,6.81
Joël Veltman,219572,Brighton & Hove Albion,1,0.54,1,54,1,84.94,0,5,20,18,52,1,1,688,4,0,2,0,0,0,6.81
Rodrigo Bentancur,791190,Tottenham Hotspur,1,1.9,11,23,1,85.51,1,18,5.56,17,16,0,0,673,8,0,0,0,0,0,6.81
Valentino Livramento,980634,Newcastle United,1,0.37,17,23,0,86.81,1,4,25,25,37,0,1,586,12,0,1,0,0,0,6.81
Jack Harrison,829570,Everton,3,3.57,29,37,3,72.66,3,34,8.82,12,21,0,5,388,28,0,9,0,0,0,6.81
Tim Ream,118179,Fulham,1,0.96,6,20,0,89.22,0,1,100,25,59,2,0,944,0,0,3,0,0,0,6.81
Lyle Foster,901907,Burnley,5,4.47,19,19,3,68.14,6,34,14.71,3,33,0,1,308,19,0,0,0,0,0,6.8
Neco Williams,927356,Nottingham Forest,0,0.82,19,69,1,72.36,0,15,0,22,43,0,1,432,11,0,1,0,0,0,6.8
Gabriel Osho,920680,Luton Town,2,1.09,7,41,0,82.48,0,10,20,31,88,0,0,579,2,0,2,0,0,0,6.8
Alex Scott,1104986,Bournemouth,1,0.72,13,24,1,81.02,0,15,6.67,12,17,1,4,350,22,0,1,0,0,0,6.8
Ryan Gravenberch,904897,Liverpool,1,1.99,23,26,0,83.37,1,23,4.35,14,11,0,1,411,16,0,0,0,0,0,6.8
Konstantinos Mavropanos,829022,West Ham United,1,1.23,2,28,0,76.71,1,12,8.33,23,78,2,0,481,3,0,3,0,0,0,6.8
Kenny Tete,190877,Fulham,1,0.85,9,27,0,80.57,1,4,25,16,31,0,0,340,3,0,2,0,0,0,6.8
Teden Mengi,979233,Luton Town,1,0.58,7,54,0,78.23,1,11,9.09,57,136,0,0,726,6,0,1,0,0,0,6.8
Wataru Endo,143040,Liverpool,1,0.53,10,48,0,88.35,0,10,10,20,30,0,2,1153,16,0,5,0,0,0,6.8
Mikkel Damsgaard,907072,Brentford,0,0.92,9,29,2,73.6,1,9,0,11,10,0,5,290,11,0,0,0,0,0,6.8
Matheus Nunes,945122,Manchester City,0,0.92,20,13,2,86.21,2,10,0,7,9,1,2,450,12,0,1,0,0,0,6.8
Benoît Badiashile,904827,Chelsea,0,0.28,0,21,1,90.9,1,6,0,18,65,1,2,1059,6,0,3,0,0,0,6.8
Nathaniel Clyne,43215,Crystal Palace,0,0.21,8,24,0,84.24,0,4,0,10,28,0,0,449,3,0,3,0,0,0,6.8
Philippe Coutinho,119159,Aston Villa,0,0.14,4,0,0,83.33,0,3,0,0,0,0,0,20,0,0,0,0,0,0,6.8
Pierre-Emile Højbjerg,149593,Tottenham Hotspur,0,0.67,12,32,0,88.58,0,19,0,19,27,1,3,1225,9,0,1,0,0,0,6.8
Issa Kaboré,1006189,Luton Town,0,0.22,18,52,2,75.97,0,6,0,16,46,1,5,411,16,0,0,0,0,0,6.8
Neal Maupay,268903,Brentford,6,7.21,9,10,3,73.62,7,42,14.29,2,4,0,5,293,17,0,0,0,0,0,6.79
Emile Smith Rowe,867445,Arsenal,0,1.98,3,4,1,88.63,1,15,0,3,1,0,0,187,4,0,0,0,0,0,6.79
Nayef Aguerd,877102,West Ham United,1,1.54,3,26,0,80.5,2,14,7.14,17,80,0,0,937,4,0,2,0,0,0,6.79
Matt Doherty,143047,Wolverhampton,1,0.84,6,31,0,79.26,1,9,11.11,7,37,0,3,447,12,0,1,0,0,0,6.79
Vinícius Souza,979290,Sheffield United,1,0.63,17,125,0,80.29,0,14,7.14,32,75,0,0,786,4,0,1,0,0,0,6.79
Frank Onyeka,885864,Brentford,1,2.18,11,37,2,77.6,2,22,4.55,23,17,0,2,291,12,0,0,0,0,0,6.79
Jacob Ramsey,975937,Aston Villa,1,2.17,8,16,1,81.94,2,19,5.26,3,7,0,1,254,11,0,0,0,0,0,6.79
Clément Lenglet,580550,Aston Villa,0,0.86,3,13,1,89.89,1,8,0,7,47,0,1,818,2,0,2,0,0,0,6.79
Adama Traoré,286165,Fulham,2,1.53,9,4,3,81.08,2,11,18.18,1,2,0,2,90,7,0,0,0,0,0,6.78
Toti Gomes,973418,Wolverhampton,1,1.63,23,44,3,82.78,3,10,10,26,87,0,2,1418,6,0,4,0,0,0,6.78
Harry Toffolo,358218,Nottingham Forest,1,1.64,1,26,3,76.23,2,8,12.5,14,44,0,3,340,18,0,1,0,0,0,6.77
Gonzalo Montiel,822933,Nottingham Forest,0,0.13,1,22,2,78.93,0,3,0,9,30,1,4,251,9,0,0,0,0,0,6.77
Lewis Hall,1136730,Newcastle United,1,0.35,9,28,0,83.12,0,11,9.09,12,17,0,0,389,3,0,0,0,0,0,6.77
George Earthy,1212165,West Ham United,1,0.31,0,0,0,94.12,0,1,100,1,0,0,0,16,0,0,0,0,0,0,6.77
David Datro Fofana,1090458,Burnley,4,4.52,15,10,1,69.05,5,19,21.05,1,2,0,3,116,8,0,0,0,0,0,6.76
Maxwel Cornet,280439,West Ham United,1,0.4,0,3,0,75,0,4,25,2,1,0,0,36,4,0,0,0,0,0,6.76
Ibrahim Sangaré,843754,Nottingham Forest,0,0.65,6,42,0,80.67,1,8,0,16,19,0,0,338,7,0,1,0,0,0,6.76
Illia Zabarnyi,1023567,Bournemouth,1,1.09,9,59,0,81.58,2,8,12.5,33,138,1,0,1470,7,0,8,0,0,0,6.76
Giovanni Reyna,989056,Nottingham Forest,0,0.3,3,7,1,89.15,0,5,0,2,0,0,0,115,7,0,0,0,0,0,6.76
Álex Moreno,294593,Aston Villa,2,1.14,15,18,0,83.29,1,8,25,13,33,0,1,339,11,0,2,0,0,0,6.76
Tahith Chong,825845,Luton Town,4,2.73,25,36,0,81.8,1,31,12.9,8,10,0,0,409,11,0,0,0,0,0,6.75
Mason Mount,836694,Manchester United,1,0.39,4,22,0,85.22,0,5,20,6,3,0,0,173,6,0,0,0,0,0,6.75
Marvelous Nakamba,556904,Luton Town,0,0.19,3,40,0,84.82,0,5,0,11,11,0,0,352,7,0,0,0,0,0,6.75
Cauley Woodrow,140487,Luton Town,1,1.42,2,16,1,74.82,0,16,6.25,1,13,0,2,104,9,0,0,0,0,0,6.75
Jeffrey Schlupp,148710,Crystal Palace,2,1.83,17,38,2,75.85,1,19,10.53,8,18,0,2,245,19,0,1,0,0,0,6.75
Ola Aina,800417,Nottingham Forest,1,0.27,27,47,1,79.94,0,11,9.09,18,41,0,0,506,11,0,0,0,0,0,6.75
Calvin Bassey,861972,Fulham,1,0.35,11,49,0,86.2,0,5,20,28,80,1,0,1437,1,0,6,0,0,0,6.75
Jesurun Rak-Sakyi,1101362,Crystal Palace,0,0.42,4,4,0,78.72,0,5,0,3,1,0,0,37,2,0,0,0,0,0,6.75
Michael Obafemi,921216,Burnley,0,0.09,3,0,0,80,0,2,0,0,0,0,0,4,0,0,0,0,0,0,6.75
Kurt Zouma,139227,West Ham United,3,1.85,2,23,0,83.9,0,16,18.75,29,158,0,0,959,4,0,3,0,0,0,6.75
Vladimír Coufal,138024,West Ham United,0,0.31,12,64,7,72.99,0,8,0,43,83,0,6,897,33,0,3,0,0,0,6.75
Facundo Buonanotte,1117025,Brighton & Hove Albion,3,2.41,18,42,1,85.29,2,21,14.29,8,5,0,3,400,18,0,0,0,0,0,6.74
Joe Willock,888550,Newcastle United,1,0.81,7,13,0,86.27,1,7,14.29,1,1,0,0,132,7,0,0,0,0,0,6.74
Facundo Pellistri,989803,Manchester United,0,0.72,5,5,1,81.08,0,4,0,1,5,0,0,60,1,0,0,0,0,0,6.74
Jacob Brown,858911,Luton Town,2,2.78,6,19,0,56.33,3,26,7.69,8,17,0,1,129,8,0,1,0,0,0,6.74
Andros Townsend,47992,Luton Town,1,1.22,16,21,3,80.23,0,20,5,5,9,0,2,280,18,0,0,0,0,0,6.74
Harrison Reed,365802,Fulham,0,0.3,5,29,2,85.32,0,9,0,11,22,0,2,616,15,0,3,0,0,0,6.74
Michail Antonio,47772,West Ham United,6,5.77,29,15,2,64.55,6,30,20,4,4,0,1,173,8,0,0,0,0,0,6.74
Emil Krafth,150396,Newcastle United,0,0.21,3,21,0,85.07,0,4,0,9,18,0,2,433,9,0,2,0,0,0,6.74
Shandon Baptiste,892111,Brentford,1,0.89,6,4,1,73.26,0,2,50,3,5,0,1,63,4,0,0,0,0,0,6.73
Ivo Grbić,283847,Sheffield United,0,,0,0,0,45.76,0,0,0,0,14,1,0,124,0,37,0,0,21,7,6.73
Beto,987489,Everton,3,6.79,15,14,0,61.49,8,43,6.98,1,13,0,3,107,11,0,0,0,0,0,6.73
Miloš Kerkez,1097425,Bournemouth,0,1.21,12,47,1,77.19,2,16,0,20,56,1,3,484,12,0,2,0,0,0,6.73
Anthony Martial,191176,Manchester United,1,1.22,2,4,0,79.56,0,6,16.67,0,3,0,0,109,6,0,0,0,0,0,6.73
Saïd Benrahma,354808,West Ham United,0,1.83,14,8,1,79.83,2,19,0,5,5,0,2,190,11,0,0,0,0,0,6.73
Lloyd Kelly,865167,Bournemouth,0,0.33,2,24,1,77.59,1,4,0,13,59,0,2,599,9,0,4,0,0,0,6.73
Nuno Tavares,944973,Nottingham Forest,0,0.17,6,11,0,78.9,0,7,0,1,15,0,0,172,2,0,1,0,0,0,6.73
Moussa Niakhaté,758168,Nottingham Forest,1,1.08,3,42,0,85.47,0,5,20,14,49,0,0,588,3,0,1,0,0,0,6.72
Cameron Archer,993451,Sheffield United,4,5.62,30,18,1,80.78,6,42,9.52,1,9,0,6,269,24,0,1,0,0,0,6.72
Curtis Jones,927353,Liverpool,1,2.63,15,27,1,91.47,1,19,5.26,7,7,0,0,686,11,0,0,0,0,0,6.72
Charlie Taylor,166381,Burnley,1,0.24,9,35,1,78.89,0,10,10,19,67,0,4,822,15,0,2,0,0,0,6.72
Sergio Gómez,855835,Manchester City,0,0.25,2,1,1,89.8,0,2,0,1,0,0,0,44,1,0,0,0,0,0,6.72
Maxime Estève,1117223,Burnley,0,0.27,1,27,0,84.44,0,7,0,27,55,0,0,684,1,0,0,0,0,0,6.72
Carlos Baleba,1199043,Brighton & Hove Albion,0,0.82,11,40,0,92.24,0,21,0,18,27,2,1,713,8,0,2,0,0,0,6.72
Pablo Fornals,816763,West Ham United,0,0.31,6,10,0,79.5,0,7,0,6,5,0,1,159,5,0,1,0,0,0,6.71
Ansu Fati,962883,Brighton & Hove Albion,2,3.43,5,5,0,87.25,4,26,7.69,3,3,0,1,178,6,0,0,0,0,0,6.71
Elijah Adebayo,920542,Luton Town,10,5.91,18,4,0,72.59,4,31,32.26,6,25,0,0,143,14,0,0,0,0,0,6.71
Chris Mepham,865740,Bournemouth,0,0.09,0,12,1,82.77,0,1,0,7,29,0,1,293,3,0,0,0,0,0,6.71
Jean-Ricner Bellegarde,845273,Wolverhampton,2,1.57,17,17,1,84.34,0,15,13.33,8,13,0,1,237,12,0,0,0,0,0,6.71
Saša Lukić,371222,Fulham,1,1.61,5,33,0,87.53,2,13,7.69,16,18,0,0,428,11,0,2,0,0,0,6.71
Lisandro Martínez,859999,Manchester United,0,0,2,12,1,92.99,0,0,0,5,23,0,0,411,3,0,0,0,0,0,6.71
Oliver Norwood,100637,Sheffield United,1,1.08,1,41,0,72.16,0,15,6.67,21,36,0,1,617,17,0,0,0,0,0,6.71
Keane Lewis-Potter,972421,Brentford,3,6.34,21,17,1,77.37,12,43,6.98,7,20,0,3,277,13,0,0,0,0,0,6.71
Orel Mangala,793988,Nottingham Forest,1,0.84,13,27,0,88.63,1,10,10,26,28,0,0,569,6,0,1,0,0,0,6.71
David Brooks,855731,Bournemouth,1,2.2,4,5,1,76.79,3,13,7.69,2,2,0,2,86,8,0,0,0,0,0,6.7
Leander Dendoncker,190405,Aston Villa,1,0.74,0,6,0,80.36,0,2,50,2,3,0,0,45,0,0,0,0,0,0,6.7
Nélson Semedo,252821,Wolverhampton,0,1.26,51,79,1,80.94,2,17,0,36,78,0,2,1227,24,0,4,0,0,0,6.7
Jurriën Timber,958959,Arsenal,0,0,1,2,0,89.55,0,0,0,0,1,0,0,60,0,0,0,0,0,0,6.7
Lesley Ugochukwu,1048916,Chelsea,0,0,3,14,0,84.7,0,0,0,1,5,0,0,155,3,0,1,0,0,0,6.7
Justin Kluivert,851596,Bournemouth,7,6.17,24,28,1,72.44,7,56,12.5,8,10,0,1,276,21,0,0,0,0,0,6.7
Amari'i Bell,369674,Luton Town,0,0.26,10,50,0,79.59,1,2,0,25,55,1,0,628,8,0,1,0,0,0,6.7
Jason Steele,31867,Brighton & Hove Albion,0,0,0,0,0,83.22,0,0,0,0,10,0,0,501,0,43,2,0,28,17,6.69
Adam Smith,44566,Bournemouth,0,0.05,4,37,2,77.08,0,2,0,21,49,0,2,592,17,0,6,0,0,0,6.69
André Gomes,235460,Everton,1,0.3,3,7,0,83.4,0,8,12.5,3,3,0,0,216,4,0,1,0,0,0,6.69
Kevin Schade,1006387,Brentford,2,1.2,2,3,1,63.64,2,8,25,1,4,0,2,56,4,0,0,0,0,0,6.69
Matt Ritchie,42699,Newcastle United,1,0.96,0,5,0,81.4,1,6,16.67,1,5,0,0,70,0,0,0,0,0,0,6.69
Saman Ghoddos,548050,Brentford,1,0.3,3,28,0,76.36,0,9,11.11,5,9,0,1,281,9,0,0,0,0,0,6.69
Radu Drăguşin,997103,Tottenham Hotspur,0,0.14,1,5,0,88.08,1,1,0,8,18,0,0,325,0,0,1,0,0,0,6.69
Jack Robinson,98454,Sheffield United,1,1.23,5,43,1,77.26,2,14,7.14,33,127,0,1,822,12,0,1,0,0,0,6.69
Ashley Young,10589,Everton,0,0.61,12,53,0,72.39,0,13,0,22,45,3,2,561,21,0,6,0,0,0,6.68
Enes Ünal,336655,Bournemouth,2,2.92,2,6,2,76.39,6,23,8.7,1,6,0,2,55,5,0,0,0,0,0,6.68
Odysseas Vlachodimos,138149,Nottingham Forest,0,0,0,0,0,79.08,0,0,0,0,5,0,0,121,1,10,1,0,9,0,6.68
Adam Lallana,17054,Brighton & Hove Albion,0,0.83,3,8,1,89.98,0,11,0,3,1,0,2,449,15,0,0,0,0,0,6.68
Mahmoud Dahoud,341589,Brighton & Hove Albion,0,0.21,2,9,1,87.08,0,6,0,1,4,0,2,283,10,0,0,0,0,0,6.68
Joel Ward,39183,Crystal Palace,0,0.87,8,45,1,75.72,1,10,0,14,84,0,0,608,3,0,4,0,0,0,6.68
Séamus Coleman,76632,Everton,0,,6,17,0,67.27,0,0,0,7,24,1,1,148,3,0,3,0,0,0,6.68
Carney Chukwuemeka,994556,Chelsea,1,0.15,2,6,1,86.47,0,3,33.33,0,1,0,0,115,4,0,0,0,0,0,6.67
Arnaut Danjuma,827064,Everton,1,2.62,8,6,0,72.14,5,25,4,3,0,0,1,101,6,0,0,0,0,0,6.67
Carlos Vinícius,891920,Fulham,2,1.6,2,3,0,75.41,0,9,22.22,0,1,0,1,46,5,0,0,0,0,0,6.67
Matz Sels,78152,Nottingham Forest,0,,0,0,0,65.23,0,0,0,0,17,1,0,212,1,38,1,0,24,3,6.67
Danny Ings,130181,West Ham United,1,1.29,6,6,0,72.38,1,12,8.33,3,6,0,0,76,5,0,0,0,0,0,6.67
Lewis Dobbin,998832,Everton,1,0.29,6,9,0,75.93,1,5,20,1,0,0,1,41,4,0,0,0,0,0,6.67
Oliver Skipp,859901,Tottenham Hotspur,0,0.69,2,18,0,91.69,1,4,0,3,6,0,0,342,8,0,0,0,0,0,6.67
Angelo Ogbonna,21164,West Ham United,0,0.04,1,11,0,79.91,0,1,0,3,29,0,0,171,0,0,2,0,0,0,6.67
Luke Berry,97465,Luton Town,2,1.01,2,7,1,69.66,0,8,25,0,1,0,0,62,2,0,0,0,0,0,6.66
Reiss Nelson,826139,Arsenal,0,0.21,1,9,0,95.28,0,4,0,1,5,0,1,121,5,0,0,0,0,0,6.66
Jordan Clark,150477,Luton Town,1,1,12,30,1,74.12,0,17,5.88,11,14,0,3,358,12,0,0,0,0,0,6.66
Nathan Patterson,1020141,Everton,0,0.33,7,34,2,73.04,1,4,0,9,28,0,3,298,8,0,2,0,0,0,6.66
Kieffer Moore,298366,Bournemouth,1,1.48,1,0,0,70,2,6,16.67,0,0,0,1,28,2,0,0,0,0,0,6.66
Andrew Omobamidele,983066,Nottingham Forest,0,0.14,0,10,0,87.38,0,1,0,13,42,1,0,270,2,0,0,0,0,0,6.66
Diego Carlos,604232,Aston Villa,0,1.95,2,27,0,88.42,2,10,0,13,78,1,0,1184,3,0,5,0,0,0,6.66
Yehor Yarmolyuk,1031258,Brentford,0,1,17,17,0,77.3,2,11,0,6,5,0,0,218,3,0,0,0,0,0,6.66
Alfie Gilchrist,1114837,Chelsea,1,0.32,1,4,0,85.37,0,5,20,3,9,0,0,105,0,0,0,0,0,0,6.66
Mads Roerslev,826057,Brentford,1,0.95,11,48,2,68.93,1,7,14.29,19,61,0,3,417,15,0,4,0,0,0,6.66
George Baldock,112928,Sheffield United,0,0.02,6,18,1,73.67,0,1,0,10,30,0,1,235,7,0,0,0,0,0,6.65
Jayden Bogle,929132,Sheffield United,3,2.26,25,66,0,69.69,1,32,9.38,32,86,0,0,538,10,0,1,0,0,0,6.65
Luke Thomas,991584,Sheffield United,0,0.53,5,20,0,73.45,1,6,0,10,22,0,0,202,2,0,0,0,0,0,6.65
Joe Worrall,838399,Nottingham Forest,0,0.12,0,7,0,84.47,0,2,0,3,31,0,0,136,2,0,1,0,0,0,6.65
Tariq Lamptey,914691,Brighton & Hove Albion,0,0.44,6,21,3,87.87,1,6,0,6,5,0,1,326,10,0,0,0,0,0,6.65
Jakub Moder,886242,Brighton & Hove Albion,0,0.56,6,19,0,82.01,1,11,0,2,12,0,2,237,5,0,0,0,0,0,6.65
Aaron Hickey,966869,Brentford,0,0.21,5,16,0,89.29,0,7,0,3,10,0,0,225,1,0,0,0,0,0,6.64
James McAtee,1003334,Sheffield United,3,3.07,33,32,3,71.98,2,26,11.54,11,15,0,4,352,28,0,0,0,0,0,6.64
Lorenz Assignon,1009334,Burnley,1,0.4,13,35,2,75.57,0,9,11.11,19,41,0,3,266,13,0,0,0,0,0,6.64
Divock Origi,190399,Nottingham Forest,0,1.4,9,6,1,67.94,4,14,0,2,2,0,5,89,7,0,0,0,0,0,6.64
Hjalmar Ekdal,875360,Burnley,0,0.07,2,4,0,88.02,0,2,0,6,21,0,0,191,1,0,0,0,0,0,6.64
Sofyan Amrabat,359272,Manchester United,0,0.07,6,27,0,88.06,0,3,0,8,19,1,0,568,6,0,1,0,0,0,6.64
Cesare Casadei,1016788,Chelsea,0,,2,5,0,81.54,0,0,0,0,4,0,0,53,2,0,0,0,0,0,6.63
Hamed Junior Traorè,892924,Bournemouth,0,0.18,4,1,0,75,0,3,0,0,0,0,0,18,1,0,0,0,0,0,6.63
Jaïro Riedewald,285989,Crystal Palace,0,0.02,1,9,0,80.56,0,1,0,2,2,0,0,87,0,0,0,0,0,0,6.63
Cédric Soares,44760,Arsenal,0,0,0,0,0,91.53,0,0,0,0,0,0,0,54,0,0,0,0,0,0,6.63
Aaron Ramsdale,839410,Arsenal,0,0,0,0,0,65.19,0,0,0,0,3,1,0,103,0,9,2,0,6,3,6.63
Youssef Chermiti,1145627,Everton,0,0.72,3,3,0,60.34,1,7,0,1,2,0,2,35,4,0,0,0,0,0,6.63
Jay Rodriguez,26989,Burnley,2,3.49,6,14,1,66.05,6,22,9.09,1,7,0,0,142,4,0,0,0,0,0,6.63
Bryan Gil,910026,Tottenham Hotspur,0,0.75,8,1,0,85.42,1,4,0,3,4,0,0,123,4,0,0,0,0,0,6.63
Yasser Larouci,927360,Sheffield United,0,0.23,10,17,0,72.12,0,6,0,7,20,0,1,119,2,0,0,0,0,0,6.63
Omari Forson,1153434,Manchester United,0,0.03,1,2,1,90.91,0,1,0,0,0,0,1,30,2,0,0,0,0,0,6.63
Santiago Bueno,846308,Wolverhampton,0,,1,13,0,89.29,0,0,0,6,33,0,0,425,2,0,0,0,0,0,6.63
Valentín Barco,1127057,Brighton & Hove Albion,0,0.19,5,11,0,86.1,1,4,0,4,2,1,0,161,4,0,0,0,0,0,6.63
Chris Basham,33854,Sheffield United,0,0.13,3,7,0,76.23,1,2,0,5,17,0,0,93,2,0,0,0,0,0,6.63
Armando Broja,996985,Fulham,1,2.07,15,3,1,85.71,2,13,7.69,0,3,0,1,102,4,0,0,0,0,0,6.61
Nathan Fraser,1166679,Wolverhampton,0,0.32,0,5,0,78.57,1,3,0,1,2,0,0,33,2,0,0,0,0,0,6.61
Matheus França,1116593,Crystal Palace,0,0.36,4,3,1,73.85,0,8,0,1,1,0,1,48,6,0,0,0,0,0,6.61
Alejo Véliz,1116987,Tottenham Hotspur,1,0.24,1,1,0,50,0,2,50,0,0,0,0,5,0,0,0,0,0,0,6.6
Enso González,1402232,Wolverhampton,0,,0,0,0,100,0,0,0,0,0,0,0,6,0,0,0,0,0,0,6.6
Alex Murphy,1125214,Newcastle United,0,,0,1,0,100,0,0,0,1,0,0,0,17,0,0,0,0,0,0,6.6
Han-Noah Massengo,927340,Burnley,0,,0,1,0,55.56,0,0,0,0,0,0,0,5,0,0,0,0,0,0,6.6
Ryan Giles,931304,Luton Town,0,0.1,4,8,0,73.44,0,2,0,4,20,0,0,94,5,0,0,0,0,0,6.6
Manuel Benson,552632,Burnley,0,0.06,4,3,0,93.62,0,4,0,0,0,0,0,44,1,0,0,0,0,0,6.6
Tyrone Mings,303638,Aston Villa,0,0.01,0,0,0,100,0,1,0,1,1,0,0,5,1,0,0,0,0,0,6.6
Roméo Lavia,1069488,Chelsea,0,0,0,1,0,81.48,0,0,0,0,1,0,0,22,0,0,0,0,0,0,6.6
Owen Beck,979114,Liverpool,0,0,0,2,0,75,0,0,0,0,0,0,0,3,0,0,0,0,0,0,6.6
Jonny Otto,235648,Wolverhampton,0,0,0,0,0,0,0,0,0,0,0,0,0,0,0,0,0,0,0,0,6.6
Jadon Sancho,851100,Manchester United,0,0,3,1,0,82.93,0,0,0,1,0,0,0,34,1,0,0,0,0,0,6.6
Auston Trusty,822459,Sheffield United,0,0.38,6,47,0,78.96,1,8,0,35,145,1,3,668,8,0,1,0,0,0,6.6
Luca Koleosho,1216282,Burnley,1,1.97,33,7,1,76.02,3,23,4.35,2,0,0,2,187,11,0,0,0,0,0,6.59
Cheikhou Kouyaté,45944,Nottingham Forest,0,0.29,1,8,0,64.38,1,5,0,2,9,0,0,47,1,0,0,0,0,0,6.59
Vitinho,914477,Burnley,0,1.61,25,64,2,77.12,2,25,0,12,43,1,1,583,11,0,2,0,0,0,6.59
Mike Trésor,826183,Burnley,0,0.46,11,10,0,77.4,1,5,0,1,1,0,1,113,7,0,0,0,0,0,6.59
Felipe,242211,Nottingham Forest,0,0.13,1,12,0,85.45,0,3,0,4,11,0,0,182,2,0,1,0,0,0,6.59
Fodé Ballo-Touré,788170,Fulham,0,,3,4,0,78.18,0,0,0,3,2,0,0,43,0,0,0,0,0,0,6.58
Ben Osborn,282665,Sheffield United,0,0.23,7,22,2,77.67,0,4,0,8,26,0,1,393,13,0,0,0,0,0,6.58
Calum Chambers,227942,Aston Villa,0,,1,3,1,88.5,0,0,0,2,4,0,0,100,1,0,0,0,0,0,6.58
Aaron Cresswell,43443,West Ham United,0,,0,3,0,83.4,0,0,0,3,7,0,1,206,5,0,0,0,0,0,6.58
Nathan Redmond,115346,Burnley,0,0.03,4,2,0,69.12,0,0,0,0,3,0,1,47,4,0,0,0,0,0,6.58
Hugo Bueno,1013928,Wolverhampton,0,0.28,8,21,0,80.61,0,5,0,6,20,0,2,266,6,0,0,0,0,0,6.58
Odeluga Offiah,1069627,Brighton & Hove Albion,0,,4,1,0,82.09,0,0,0,1,0,0,0,55,0,0,0,0,0,0,6.58
Michael Keane,110846,Everton,1,0.69,2,7,0,77.73,1,6,16.67,5,18,1,0,171,0,0,1,0,0,0,6.57
Boubacar Traoré,982613,Wolverhampton,0,0.29,10,35,0,84.88,0,11,0,5,7,0,0,376,6,0,0,0,0,0,6.57
Leon Chiwome,1400646,Wolverhampton,0,0.1,0,2,0,86.36,0,2,0,0,2,0,0,19,0,0,0,0,0,0,6.57
Anel Ahmedhodžić,825899,Sheffield United,2,3.15,11,64,0,75.6,4,19,10.53,34,134,1,1,722,7,0,1,0,0,0,6.56
Jayden Danns,1403108,Liverpool,0,,0,0,0,71.43,0,0,0,0,0,0,0,5,0,0,0,0,0,0,6.55
Joe White,994550,Newcastle United,0,,0,1,0,91.67,0,0,0,0,0,0,0,11,0,0,0,0,0,0,6.55
Joe Rothwell,190853,Bournemouth,0,0.09,7,7,0,87.62,0,2,0,3,2,0,0,177,4,0,0,0,0,0,6.55
Benicio Boaitey,1142604,Brighton & Hove Albion,0,0.02,1,0,0,68.42,0,1,0,0,1,0,0,13,1,0,0,0,0,0,6.55
Tawanda Chirewa,1005725,Wolverhampton,0,0.16,1,7,0,83.02,0,3,0,1,0,0,0,44,1,0,0,0,0,0,6.54
Max Aarons,943645,Bournemouth,0,0.05,14,29,1,76.72,0,2,0,8,21,0,1,346,7,0,1,0,0,0,6.54
Daniel Bentley,101367,Wolverhampton,0,,0,0,0,64.44,0,0,0,0,3,0,0,87,0,8,1,0,6,1,6.54
Ameen Al-Dakhil,964761,Burnley,1,1.27,3,12,0,85.62,0,8,12.5,12,34,1,0,512,2,0,0,0,0,0,6.54
Mark O'Mahony,1149855,Brighton & Hove Albion,0,0.06,0,1,0,81.25,0,1,0,0,1,0,0,13,0,0,0,0,0,0,6.53
Thilo Kehrer,281277,West Ham United,0,0,0,1,0,100,0,0,0,0,0,0,0,7,0,0,0,0,0,0,6.53
Max Lowe,355154,Sheffield United,0,0.58,2,21,1,65.42,2,2,0,5,14,0,1,70,2,0,0,0,0,0,6.53
David Ozoh,1212155,Crystal Palace,0,,1,10,0,94.12,0,0,0,0,2,0,0,48,0,0,0,0,0,0,6.53
Andre Brooks,1396445,Sheffield United,0,0.41,12,22,0,77.02,1,9,0,14,14,0,0,191,3,0,0,0,0,0,6.53
Michael Olakigbe,1014556,Brentford,0,0.12,3,3,0,81.25,0,3,0,1,0,0,0,26,0,0,0,0,0,0,6.53
John Fleck,27999,Sheffield United,0,0,0,1,0,72.5,0,0,0,0,1,0,1,29,2,0,0,0,0,0,6.53
Nicolò Zaniolo,864898,Aston Villa,2,2.57,13,19,0,71.63,3,27,7.41,1,11,0,0,149,10,0,0,0,0,0,6.52
Hannes Delcroix,826169,Burnley,0,0.35,3,10,0,86.79,0,4,0,9,23,0,0,276,4,0,0,0,0,0,6.52
Aaron Ramsey,1000142,Burnley,0,0.35,3,17,0,79.45,0,6,0,1,10,0,1,116,1,0,0,0,0,0,6.52
William Osula,1122603,Sheffield United,0,1.65,3,2,0,53.33,2,21,0,2,9,0,1,48,1,0,0,0,0,0,6.51
Stefan Bajčetić,1142636,Liverpool,0,,0,4,0,70,0,0,0,0,0,0,0,7,0,0,0,0,0,0,6.5
Daniel Jebbison,1096136,Sheffield United,0,,0,0,0,33.33,0,0,0,0,0,0,0,1,0,0,0,0,0,0,6.5
Ben Parkinson,1409087,Newcastle United,0,,0,0,0,33.33,0,0,0,0,1,0,0,1,0,0,0,0,0,0,6.5
Finley Munroe,1186812,Aston Villa,0,,0,0,0,100,0,0,0,0,0,0,0,1,0,0,0,0,0,0,6.5
Zack Nelson,1394950,Luton Town,0,,0,1,0,100,0,0,0,0,0,0,0,4,0,0,0,0,0,0,6.5
Ethan Wheatley,1426625,Manchester United,0,,0,1,0,0,0,0,0,2,0,0,0,0,0,0,0,0,0,0,6.5
Rodrigo Ribeiro,1215904,Nottingham Forest,0,,0,0,0,75,0,0,0,1,0,0,0,6,0,0,0,0,0,0,6.5
Pelly Ruddock Mpanzu,387116,Luton Town,0,0.64,9,13,0,74.93,1,11,0,9,16,2,1,257,6,0,0,0,0,0,6.5
Romain Faivre,913942,Bournemouth,0,0.15,2,1,0,82.61,0,2,0,0,0,0,0,19,0,0,0,0,0,0,6.5
Divin Mubama,1167025,West Ham United,0,0.15,0,0,0,72.73,0,1,0,0,0,0,0,16,0,0,0,0,0,0,6.5
Andrey Santos,1105779,Nottingham Forest,0,0.06,0,0,0,100,0,2,0,0,0,0,0,6,0,0,0,0,0,0,6.5
Ben Doak,1154861,Liverpool,0,0,0,0,0,100,0,0,0,0,0,0,0,4,0,0,0,0,0,0,6.5
Sydie Peck,1391824,Sheffield United,0,0,0,0,0,100,0,0,0,0,0,0,0,1,0,0,0,0,0,0,6.5
Mason Burstow,1138421,Chelsea,0,0,0,0,0,75,0,0,0,0,0,0,0,3,0,0,0,0,0,0,6.5
James McConnell,1138428,Liverpool,0,0,0,0,0,83.33,0,0,0,1,0,0,0,5,0,0,0,0,0,0,6.5
Joshua Dasilva,856260,Brentford,0,0,2,2,0,69.23,0,0,0,0,0,0,0,9,1,0,0,0,0,0,6.5
Jack Cork,20993,Burnley,0,0,0,2,0,78.13,0,0,0,1,1,0,0,25,0,0,0,0,0,0,6.5
Naouirou Ahamada,997104,Crystal Palace,0,0.49,7,13,0,82.68,0,9,0,2,4,0,0,148,1,0,0,0,0,0,6.5
Rhian Brewster,878705,Sheffield United,0,0.37,0,5,0,71.23,0,7,0,1,2,0,0,52,2,0,0,0,0,0,6.49
Connor Roberts,804613,Burnley,0,0,0,12,1,84.35,1,0,0,4,22,0,0,345,7,0,0,0,0,0,6.48
Eric Dier,146101,Tottenham Hotspur,0,0,0,2,0,88.65,0,0,0,2,12,0,0,125,0,0,0,0,0,0,6.48
Ben Johnson,914412,West Ham United,0,0.2,11,11,0,82.06,0,6,0,5,13,0,0,215,0,0,1,0,0,0,6.47
Anass Zaroury,877036,Burnley,0,0.17,2,1,0,67.8,0,3,0,0,1,0,0,40,2,0,0,0,0,0,6.47
Tim Iroegbunam,1085950,Aston Villa,0,,3,7,0,92.73,0,0,0,2,2,0,0,51,0,0,0,0,0,0,6.46
Dane Scarlett,998772,Tottenham Hotspur,0,,0,1,0,66.67,0,0,0,0,0,0,0,2,0,0,0,0,0,0,6.45
Deivid Washington,1485371,Chelsea,0,0.47,0,1,0,100,0,1,0,0,0,0,0,1,0,0,0,0,0,0,6.45
Myles Peart-Harris,980649,Brentford,0,0,0,0,0,71.43,0,0,0,0,1,0,0,5,1,0,0,0,0,0,6.45
James Tomkins,32124,Crystal Palace,0,0,0,0,0,85.71,0,0,0,1,0,0,0,18,0,0,0,0,0,0,6.43
Daiki Hashioka,897334,Luton Town,0,0.11,1,11,0,82.42,0,2,0,8,20,0,1,211,3,0,0,0,0,0,6.43
Ian Maatsen,976263,Chelsea,0,0.81,0,3,0,72.27,1,5,0,3,9,0,0,86,2,0,0,0,0,0,6.43
Kalvin Phillips,786028,West Ham United,0,0.16,2,14,0,82.72,0,5,0,6,4,1,0,201,0,0,0,0,0,0,6.43
Bobby Clark,1142638,Liverpool,0,0.14,0,2,0,77.55,0,2,0,1,1,0,0,38,0,0,0,0,0,0,6.43
Willy Kambwala,1136721,Manchester United,0,,0,3,0,84.82,0,0,0,4,12,1,0,162,0,0,0,0,0,0,6.41
Loris Karius,174135,Newcastle United,0,,0,0,0,51.61,0,0,0,0,1,0,0,16,0,4,0,0,3,2,6.4
Sam Curtis,1133697,Sheffield United,0,,0,1,0,57.14,0,0,0,0,0,0,0,4,0,0,0,0,0,0,6.4
Mikey Moore,1403192,Tottenham Hotspur,0,,0,0,0,80,0,0,0,0,1,0,0,4,0,0,0,0,0,0,6.4
Kaine Kesler-Hayden,1099074,Aston Villa,0,,0,0,0,0,0,0,0,0,0,0,0,0,0,0,0,0,0,0,6.4
Anis Ben Slimane,1006147,Sheffield United,0,0.8,2,11,0,67.65,2,8,0,5,7,0,0,92,3,0,0,0,0,0,6.4
Omari Kellyman,1162083,Aston Villa,0,0.07,0,1,0,85.71,0,1,0,0,0,0,0,6,0,0,0,0,0,0,6.4
Thiago Alcântara,53825,Liverpool,0,0,0,0,0,70,0,0,0,0,0,0,0,7,0,0,0,0,0,0,6.4
Jaden Philogene-Bidace,1014461,Aston Villa,0,0,0,0,0,75,0,0,0,0,0,0,0,3,0,0,0,0,0,0,6.4
Bertrand Traoré,218160,Aston Villa,0,0,0,1,0,66.67,0,0,0,0,0,0,0,2,0,0,0,0,0,0,6.4
Antwoine Hackford,1049860,Sheffield United,0,0,0,0,0,100,0,0,0,0,0,0,0,2,0,0,0,0,0,0,6.4
Fábio Silva,954076,Wolverhampton,0,1.03,2,7,0,80,2,7,0,2,0,0,0,60,4,0,0,0,0,0,6.39
John Egan,100578,Sheffield United,0,0.16,0,6,0,69.95,0,3,0,13,39,0,0,128,0,0,0,0,0,0,6.38
Jaidon Anthony,1020680,Bournemouth,0,0.07,2,3,0,69.77,0,2,0,1,2,0,0,30,0,0,0,0,0,0,6.37
Benie Traore,1099792,Sheffield United,0,0.27,5,4,0,80.6,1,1,0,1,1,0,0,54,4,0,0,0,0,0,6.36
Fred Onyedinma,370932,Luton Town,0,0.16,2,10,0,76.47,0,5,0,1,13,0,0,65,2,0,0,0,0,0,6.35
Tom Davies,795058,Sheffield United,0,0.36,2,10,0,72.83,0,4,0,3,5,1,0,67,1,0,0,0,0,0,6.34
Brandon Aguilera,1020203,Nottingham Forest,0,0,0,0,0,50,0,0,0,0,0,0,0,4,0,0,0,0,0,0,6.3
Ryan One,1389768,Sheffield United,0,0,0,0,0,100,0,0,0,0,0,0,0,1,0,0,0,0,0,0,6.3
Matt Targett,368134,Newcastle United,0,0,0,2,0,86.84,0,0,0,0,2,0,0,33,1,0,0,0,0,0,6.2
Rhys Norrington-Davies,911708,Sheffield United,0,0,1,1,0,72.22,0,0,0,1,2,0,0,39,1,0,0,0,0,0,6.17
Remi Matthews,581610,Crystal Palace,0,,0,0,0,0,0,0,0,0,1,0,0,0,0,0,0,0,0,0,6.1
Mason Holgate,781544,Sheffield United,0,0.65,1,12,0,71.52,2,3,0,11,39,0,1,118,1,0,0,0,0,0,6.09
Ionuț Radu,815202,Bournemouth,0,0,0,0,0,79.31,0,0,0,0,1,0,0,46,0,5,0,0,2,2,6.05
Paul Dummett,185995,Newcastle United,0,0.02,0,1,0,90.91,0,1,0,0,1,0,0,20,0,0,0,0,0,0,5.9
Joseph Johnson,825550,Luton Town,0,,0,0,0,88.24,0,0,0,0,0,0,0,30,0,0,0,0,0,0,5.8
Luke Harris,1134729,Fulham,0,0.28,0,1,0,78.57,1,1,0,0,0,0,0,11,0,0,0,0,0,0,5.8
Jimi Tauriainen,1391111,Chelsea,0,,0,0,0,0,0,0,0,0,0,0,0,0,0,0,0,0,0,0,0
Kaelan Casey,1142343,West Ham United,0,,0,0,0,0,0,0,0,0,1,0,0,0,0,0,0,0,0,0,0
Dominic Sadi,1398550,Bournemouth,0,,0,0,0,0,0,0,0,0,0,0,0,0,0,0,0,0,0,0,0
Lewis Warrington,1113799,Everton,0,,0,0,0,100,0,0,0,0,0,0,0,2,0,0,0,0,0,0,0
Jamie Donley,1150934,Tottenham Hotspur,0,,0,0,0,100,0,0,0,0,2,0,0,1,0,0,0,0,0,0,0
Donny van de Beek,361790,Manchester United,0,0.04,0,0,0,100,0,1,0,0,0,0,0,1,1,0,0,0,0,0,0
Daniel Gore,1146145,Manchester United,0,0,0,1,0,0,0,0,0,1,0,0,0,0,0,0,0,0,0,0,0
Kaide Gordon,1096447,Liverpool,0,0,0,0,0,100,0,0,0,0,0,0,0,1,0,0,0,0,0,0,0
Alex Matos,1186050,Chelsea,0,0,0,0,0,0,0,0,0,0,0,0,0,0,0,0,0,0,0,0,0
Thomas Cannon,1005766,Everton,0,0,0,0,0,0,0,0,0,0,0,0,0,0,0,0,0,0,0,0,0
Tyler Onyango,1004342,Everton,0,0,0,0,0,0,0,0,0,0,0,0,0,0,0,0,0,0,0,0,0
Amadou Diallo,1000449,Newcastle United,0,0,0,0,0,100,0,0,0,0,0,0,0,1,0,0,0,0,0,0,0
Michael Ndiweni,1082894,Newcastle United,0,0,0,0,0,50,0,0,0,0,0,0,0,1,0,0,0,0,0,0,0
